{
  "DEFSettings":{
    "logLevel":"TRACE",
    "stores":["SurfaceCacheStore","SurfaceMongoStore"]
  },
  "pluginSettings": {
    "canam Search": {
      "server": "http://localhost:8983/solr",
      "collection": "aodocs_index",
      "GoogleServiceAccountJsonFile": "service.json",
      "GoogleServiceAccountAdminUser": "chris@dahu.co.uk",
      "securityField": "ao_permission_s",
      "boostFields" : "title_t^3 subject_aod_t^2 author_combined_t^2 to_aod_t^2 from_aod_t^2 _text_",
      "snippets": "true",
      "sourceFilter": "gdriveurl_s:* AND dimensions_aod_s:*",
      "export": {
        "excludedFields": ["id","permission","folder"]
      },
      "sort": {
        "rel": {
          "label": "Most Relevant",
          "sortSpec":"score desc"
        },
        "dateDesc": {
          "label": "Date (newest first)",
          "sortSpec":"last_modified desc"
        },
        "dateAsc": {
          "label": "Date (oldest first)",
          "sortSpec":"last_modified asc"
        }
      },
      "filters": {
        "groups":{
          "group1": {
            "order": 1,
            "label": "Content type"
          },
          "group2": {
            "order": 2,
            "label": "Meta-data values"
          },
          "group3": {
            "order": 3,
            "label": "Dates"
          }
        },
        "filters": {
          "jpgs": {
            "group": "group1",
            "label": "Exclude JPGs",
            "mode": "switch",
            "query": "NOT mime_s:image/jpeg"
          },
          "tiffs": {
            "group": "group1",
            "label": "Exclude TIFFs",
            "mode": "switch",
            "query": "NOT mime_s:image/tiff"
          },
          "gifs": {
            "group": "group1",
            "label": "Exclude GIFs",
            "mode": "switch",
            "query": "NOT mime_s:image/gif"
          },
          "pngs": {
            "group": "group1",
            "label": "Exclude PNGs",
            "mode": "switch",
            "query": "NOT mime_s:image/png"
          },
          "title": {
            "group": "group2",
            "label": "Title...",
            "mode": "field",
            "queryPrefix": "title_t"
          },
          "photographer": {
            "group": "group2",
            "label": "Photographer...",
            "mode": "field",
            "queryPrefix": "photographe_aod_t"
          },
          "keywords": {
            "group": "group2",
            "label": "Keywords...",
            "mode": "field",
            "queryPrefix": "keywords_aod_t"
          },

          "lmdate": {
            "group": "group3",
            "label": "Modified date",
            "mode": "dateRange",
            "queryPrefix": "last_modified"
          }
        }
      },

      "facets": {
        "folder": {
          "label": "Folders",
          "mode": "hierarchical",
          "display": "standard",
          "order": "1",
          "cached": "true",
          "cacheTimeout": "30000",
          "solrConfig": {
            "type": "terms",
            "field": "_hier_folderpath",
            "limit": -1
          }
        },
        "keywords": {
          "label": "Keywords",
          "order": "2",
          "display": "standard",
          "solrConfig": {
            "field": "keywords_aod_ss"
          }
        },
        "project": {
          "label": "Project",
          "order": "3",
          "display": "standard",
          "solrConfig": {
            "field": "project_aod_ss"
          }
        },
        "docType": {
          "label": "Document Type",
          "order": "4",
          "display": "standard",
          "solrConfig": {
            "field": "document_type_aod_ss"
          }
        },
        "mime": {
          "label": "Type de fichier",
          "order": "5",
          "display": "histogram",
          "solrConfig": {
            "field": "mime_s"
          }
        },
        "photographer": {
          "label": "Photographe",
          "mode": "multiSelect",
          "order": "9",
          "display": "histogram",
          "solrConfig": {
            "type": "terms",
            "field": "photographe_aod_t"
          }
        },
        "status": {
          "label": "public-privé",
          "order": "10",
          "display": "histogram",
          "solrConfig": {
            "field": "statut_public___priv__aod_ss"
          }
        },
        "auth": {
          "label": "Autorisation requise",
          "order": "11",
          "display": "histogram",
          "solrConfig": {
            "field": "autorisation_requise_pour_nouvel_usage_aod_ss"
          }
        }
      },
      "fields": {
        "id": {
          "fieldName": "id"
        },
        "title": {
          "fieldName": "nom_du_projet_ou_titre_de_la_photo_aod_s"
        },
        "url": {
          "fieldName": "url_s"
        },
        "thumbnail": {
          "fieldName": "iconurl_s"
        },
        "type": {
          "fieldName": "displaymime_s"
        },
        "comments": {
          "fieldName": "comments_t"
        },

        "metaFields": [
          {
            "date": {
              "label": "Date",
              "fieldNames": ["last_modified"],
              "transform": "dateDisplay",
              "transformFormat": "dd MMMM yyyy"
            }
          },
          {
            "subject": {
              "label": "Subject",
              "fieldNames": ["subject_aod_s"]
            }
          },
          {
            "Size": {
              "fieldNames": ["size_l","size_ww"],
              "transform": "sizeDisplay"
            }
          },
          {
            "Author": {
              "facet" : "author",
              "fieldNames": "author_combined_ss"
            }
          },
          {
            "To": {
              "facet" : "to",
              "fieldNames": "to_aod_s"
            }
          },
          {
            "aodocstype": {
              "facet" : "from",
              "label": "AODOCS type",
              "fieldNames": "document_type_aod_ss"
            }
          },
          {
            "From": {
              "facet" : "from",
              "fieldNames": "from_aod_s"
            }
          },
          {
            "dimensions": {
              "label": "Dimensions",
              "fieldNames": ["dimensions_aod_s"]
            }
          },
          {
            "photographer": {
              "label": "Photographe",
              "fieldNames": ["photographe_aod_t"]
            }
          },
          {
            "auth": {
              "label": "Autorisation requise",
              "fieldNames": ["autorisation_requise_pour_nouvel_usage_aod_ss"]
            }
          }


        ],
        "subMetaFields": [
          {
            "gdrive": {
              "label": "Google Doc download",
              "fieldNames": ["gdriveurl_s"],
              "transform": "urlDisplay"

            }
          },
          {
            "library": {
              "label": "Library",
              "facet": "library",
              "fieldNames": ["libraryname_s"]
            }
          },
          {
            "attachments": {
              "label": "Attachments",
              "fieldNames": ["attachmentname_ss"]
            }
          },
          {
            "type": {
              "label": "Type",
              "facet": "mime",
              "fieldNames": ["displaymime_s"]
            }
          },
          {
            "project": {
              "fieldNames": ["project_aod_ss"]
            }
          },
          {
            "filepath": {
              "fieldNames": ["filepath_t"]
            }
          },
          {
            "keywords": {
              "fieldNames": ["keywords_aod_t"]
            }
          }
        ],
        "additionalMetaFields": [
          {
            "permission": {
              "label": "Permissions",
              "fieldNames": ["ao_permission_s"]
            }
          },
          {
            "version": {
              "label": "Version",
              "fieldNames": ["versiondescription_t"]
            }
          },
          {
            "folder": {
              "label": "Folder",
              "fieldNames": ["_hier_folderpath"]
            }
          },
          {
            "libraryid": {
              "label": "LibraryId",
              "fieldNames": ["libraryid_s"]
            }
          },
          {
            "domain": {
              "label": "Domain",
              "fieldNames": ["domain_s"]
            }
          }
        ]
      }
    }
  }
}
