<?xml version="1.0" encoding="UTF-8" ?>
<!--
 Licensed to the Apache Software Foundation (ASF) under one or more
 contributor license agreements.  See the NOTICE file distributed with
 this work for additional information regarding copyright ownership.
 The ASF licenses this file to You under the Apache License, Version 2.0
 (the "License"); you may not use this file except in compliance with
 the License.  You may obtain a copy of the License at

     http://www.apache.org/licenses/LICENSE-2.0

 Unless required by applicable law or agreed to in writing, software
 distributed under the License is distributed on an "AS IS" BASIS,
 WITHOUT WARRANTIES OR CONDITIONS OF ANY KIND, either express or implied.
 See the License for the specific language governing permissions and
 limitations under the License.
-->


<schema name="simple-file-indexer" version="1.6">
    <field name="id" type="string" indexed="true" stored="true" required="true" multiValued="false" />

    <!-- doc values are enabled by default for primitive types such as long so we don't index the version field  -->
    <field name="_version_" type="long" indexed="false" stored="false"/>
    <field name="_root_" type="string" indexed="false" stored="false" docValues="false" />
	<field name="_nest_path_" type="_nest_path_" />
	<field name="_nest_parent_" type="string" indexed="true" stored="true"/>
	


	<!--  TOKENIZED SEARCHABLE TEXT FIELDS -->

	<!-- searchable text body - default searchable field -->
	    <field name="_text_" type="text_general" indexed="true" stored="true" multiValued="true"/>


		<!-- These fields have well-known names, so we should store them with their original name  -->
		<!-- It means they can be searched over, even when not using the eDisMax parser, which maps from
	user-input field names to the *_t format we use  -->

		<!--  common metadata fields -->

		<!-- Single Doc Title for display in Hit -->
    <field name="title" type="text_general" indexed="true" stored="false" multiValued="false"/>

    <field name="subject" type="text_general" indexed="true" stored="false" multiValued="false"/>
    <field name="description" type="text_general" indexed="true" stored="false" multiValued="false"/>
    <field name="keywords" type="text_general" indexed="true" stored="false" multiValued="false"/>
    <field name="comments" type="text_general" indexed="true" stored="false" multiValued="true"/>


<!-- for compatibility with Solr recommendations and Lucidworks, also create fieldname_t for tokenized ones  -->		
	    <field name="title_t" type="text_general" indexed="true" stored="true" multiValued="false"/>
	    <field name="author_combined_t" type="text_general" indexed="true" stored="true" multiValued="true"/>
	    <field name="owner_t" type="text_general" indexed="true" stored="true" multiValued="false"/>
	    <field name="filepath_t" type="text_general" indexed="true" stored="true" multiValued="false"/>
	    <field name="subject_t" type="text_general" indexed="true" stored="true" multiValued="false"/>
	    <field name="description_t" type="text_general" indexed="true" stored="true" multiValued="false"/>
	    <field name="keywords_t" type="text_general" indexed="true" stored="true" multiValued="false"/>
		<field name="to_t" type="text_general" indexed="true" stored="true" multiValued="true"/>
		<field name="from_t" type="text_general" indexed="true" stored="true" multiValued="true"/>
		<field name="cc_t" type="text_general" indexed="true" stored="true" multiValued="true"/>
		<field name="category_t" type="text_general" indexed="true" stored="true" multiValued="true"/>
		<field name="client_t" type="text_general" indexed="true" stored="true" multiValued="true"/>
		<field name="comments_t" type="text_general" indexed="true" stored="true" multiValued="true"/>
		<field name="tags_t" type="text_general" indexed="true" stored="true" multiValued="true"/>

		
		<!-- Searchable by default -->
			<copyField source="title" dest="_text_" />
			<copyField source="author" dest="_text_" />
			<copyField source="owner" dest="_text_" />
			<copyField source="to" dest="_text_" />
			<copyField source="from" dest="_text_" />
			<copyField source="cc" dest="_text_" />
			<copyField source="subject" dest="_text_" />
			<copyField source="description" dest="_text_" />
			<copyField source="keywords" dest="_text_" />
			<copyField source="tags" dest="_text_" />
			<copyField source="category" dest="_text_" />
			<copyField source="client" dest="_text_" />
			<copyField source="comments" dest="_text_" />
		
			<!-- Searchable by field name WITH TOKENIZATION -->
				<copyField source="title" dest="title_t" />
				<copyField source="author" dest="author_combined_t" />
				<copyField source="owner" dest="owner_t" />
				<copyField source="to" dest="to_t" />
				<copyField source="from" dest="from_t" />
				<copyField source="cc" dest="cc_t" />
				<copyField source="subject" dest="subject_t" />
				<copyField source="description" dest="description_t" />
				<copyField source="keywords" dest="keywords_t" />
				<copyField source="category" dest="category_t" />
				<copyField source="client" dest="client_t" />
				<copyField source="comments" dest="comments_t" />
				<copyField source="tags" dest="tags_t" />
	
	

	<!-- NON-TOKENIZED STRING FIELDS -->

	<!-- DEF formatted URI String -->
	<!-- POSSIBLE FORMAT def://smb/dublingroups/$HASHCODE   -->
    <field name="uri_s" type="string" indexed="true" stored="true" multiValued="false"/>
   <!--  Used for resource locators using standard protocols typically http[s]:// or file://  -->	
    <field name="url" type="string" indexed="true" stored="true" multiValued="false"/>
    <field name="url_s" type="string" indexed="true" stored="true" multiValued="false"/>

	<!-- Optional field for document mime type - no tokenizing so need exact match-->
	    <field name="mime_s" type="string" indexed="true" stored="true" multiValued="false" docValues="true"/>
	    <field name="cleanmime_s" type="string" indexed="true" stored="true" multiValued="false" docValues="true"/>

	<!-- Optional field for document extension - no tokenizing so need exact match-->
	    <field name="ext_s" type="string" indexed="true" stored="true" multiValued="false" docValues="true"/>

		<!-- The filename including extension, for items on fileshare or similar. The part after the last '/' on a path
		  -->
	    <field name="filename_s" type="string" indexed="true" stored="true" multiValued="false"/>

	    <field name="language_s" type="string" indexed="true" stored="true" multiValued="false" docValues="true"/>
	    <field name="source_s" type="string" indexed="true" stored="true" multiValued="false" docValues="true"/>
	    <field name="category_ss" type="string" indexed="true" stored="true" multiValued="true" docValues="true"/>
	    <field name="tags_ss" type="string" indexed="true" stored="true" multiValued="true" docValues="true"/>
	    <field name="client_ss" type="string" indexed="true" stored="true" multiValued="true" docValues="true"/>

		<!-- Optional store for file contents checksum for de-dupe -->
		<field name="checksum_s" type="string" indexed="true" stored="true" multiValued="false" docValues="false" />
		<field name="simhash_s" type="string" indexed="true" stored="true" multiValued="false" docValues="false" />

		<!-- fields for categorisation -->
	    <field name="author_combined_ss" type="string" indexed="true" stored="true" multiValued="true" docValues="true"/>
		
	    <field name="owner_ss" type="string" indexed="true" stored="true" multiValued="true" docValues="true"/>

		<copyField source="uri" dest="uri_s" />
		<copyField source="url" dest="url_s" />
		<copyField source="mime" dest="mime_s" />
		<copyField source="clean_mimetype" dest="cleanmime_s" />
		<copyField source="ext" dest="ext_s" />
		<copyField source="filename" dest="filename_s" />
		<copyField source="source" dest="source_s" />
		<copyField source="category" dest="category_ss" />
		<copyField source="tags" dest="tags_ss" />
		<copyField source="client" dest="client_ss" />
		<copyField source="author" dest="author_combined_ss" />

		

	<!--  NUMERICAL FIELDS -->

	<!-- doc or resource size in bytes - original doc size, not after filtering -->
	    <field name="size_l" type="long" indexed="true" stored="true" multiValued="false" docValues="true "/>
		<copyField source="size" dest="size_l" />


	<!-- DATE FIELDS -->


	<!-- 1995-12-31T23:59:59Z -->
    <field name="last_modified_date_s" type="string" indexed="false" stored="true" multiValued="false"/>
    <field name="last_modified" type="pdate" indexed="true" stored="true" multiValued="false" docValues="true"/>

	<!-- 1995-12-31T23:59:59Z -->
    <field name="created_date_s" type="string" indexed="false" stored="true" multiValued="false"/>
    <field name="created_date" type="pdate" indexed="true" stored="true" multiValued="false"/>


<!-- Optional BUT REQUIRED FOR DOCUMENT LEVEL SECURITY
see https://lucidworks.com/2015/05/15/custom-security-filtering-solr-5/
 -->
	<field name="acl_s" type="string" indexed="true" stored="true" multiValued="false" docValues="true"/>

<!-- This is how ACL data is stored in Solr by Datafari - keep for now for OPW -->
	<field name="allow_token_document_s" type="string" indexed="true" stored="true" multiValued="true" docValues="false"/>
	<field name="allow_token_parent_s" type="string" indexed="true" stored="true" multiValued="true" docValues="false"/>
	<field name="allow_token_share_s" type="string" indexed="true" stored="true" multiValued="true" docValues="false"/>
	<field name="deny_token_document_s" type="string" indexed="true" stored="true" multiValued="true" docValues="false"/>
	<field name="deny_token_parent_s" type="string" indexed="true" stored="true" multiValued="true" docValues="false"/>
	<field name="deny_token_share_s" type="string" indexed="true" stored="true" multiValued="true" docValues="false"/>

	<copyField source="allow_token_document" dest="allow_token_document_s" />
	<copyField source="allow_token_parent" dest="allow_token_parent_s" />
	<copyField source="allow_token_share" dest="allow_token_share_s" />
	<copyField source="deny_token_document" dest="deny_token_document_s" />
	<copyField source="deny_token_parent" dest="deny_token_parent_s" />
	<copyField source="deny_token_share" dest="deny_token_share_s" />
	

<!-- For hierarchical facets, they need to be supplied as multiple values that build up the tree -->
	<dynamicField name="_hier_*" type="string" indexed="true" stored="true" multiValued="true" docValues="true" />


<!--  AODocs-fields here -->

		<!-- tokenized searchable fields -->
		<field name="versionname_t" type="text_general" indexed="true" stored="true" multiValued="false" docValues="false" />
		<field name="versiondescription_t" type="text_general" indexed="true" stored="true" multiValued="false" docValues="false" />
		<field name="initialauthor_t" type="text_general" indexed="true" stored="true" multiValued="true" docValues="false" />
		<field name="updateauthor_t" type="text_general" indexed="true" stored="true" multiValued="true" docValues="false" />
		<field name="versionauthor_t" type="text_general" indexed="true" stored="true" multiValued="true" docValues="false" />

		<copyField source="versionname" dest="versionname_t" />
		<copyField source="versiondescription" dest="versiondescription_t" />

		<!-- 3 different options for author - initial, update and version   -->
		<!-- Each one is indexed into its own tokenized field so users can search for them as a unique value  -->
		<!-- Each one is indexed into a combined tokenized author field so users can search for author regardless of origin -->
		<!-- Each one is indexed into a combined non-tokenized author field so categories can be generated -->
		<copyField source="initialauthor" dest="initialauthor_t" />
		<copyField source="updateauthor" dest="updateauthor_t" />
		<copyField source="versionauthor" dest="versionauthor_t" />
		<copyField source="initialauthor" dest="author_combined_t" />
		<copyField source="updateauthor" dest="author_combined_t" />
		<copyField source="versionauthor" dest="author_combined_t" />
		<copyField source="initialauthor" dest="author_combined_ss" />
		<copyField source="updateauthor" dest="author_combined_ss" />
		<copyField source="versionauthor" dest="author_combined_ss" />


		<!-- non-tokenized fields -->
	<field name="ao_permission_s" type="string" indexed="true" stored="true" multiValued="true" docValues="false"/>
	<field name="domain_s" type="string" indexed="true" stored="true" multiValued="false" docValues="true" />
	<field name="libraryid_s" type="string" indexed="true" stored="true" multiValued="false" docValues="false" />
	<field name="libraryname_s" type="string" indexed="true" stored="true" multiValued="false" docValues="true" />
	<field name="classid_s" type="string" indexed="true" stored="true" multiValued="false" docValues="false" />
	<field name="classname_s" type="string" indexed="true" stored="true" multiValued="false" docValues="false" />
	<field name="attachmentname_ss" type="string" indexed="true" stored="true" multiValued="true" docValues="false" />
	<field name="iconurl_s" type="string" indexed="true" stored="true" multiValued="false" docValues="false" />
	<field name="aodocsurl_s" type="string" indexed="true" stored="true" multiValued="false" docValues="false" />

	<copyField source="ao_permission" dest="ao_permission_s" />
	<copyField source="domain" dest="domain_s" />
	<copyField source="libraryid" dest="libraryid_s" />
	<copyField source="libraryname" dest="libraryname_s" />
	<copyField source="classid" dest="classid_s" />
	<copyField source="classname" dest="classname_s" />
	<copyField source="attachmentname" dest="attachmentname_ss" />
	<copyField source="iconurl" dest="iconurl_s" />
	<copyField source="aodocsurl" dest="aodocsurl_s" />



	<!-- create dynamic fields for aodocs fields that we have not seen before -->
	<dynamicField name="*_AOD_t" type="text_general" indexed="true" stored="true"/>
	<dynamicField name="*_AOD_s" type="string" indexed="false" stored="true" docValues="true" multiValued="false"/>
	<dynamicField name="*_AOD_ss" type="string" indexed="false" stored="true" docValues="true" multiValued="true"/>
	<dynamicField name="*_AOD_i" type="int" indexed="true" stored="true" multiValued="true" /> 
	<dynamicField name="*_AOD_l" type="long" indexed="true" stored="true" multiValued="true" /> 
	<dynamicField name="*_AOD_date" type="pdate" indexed="true" stored="true" multiValued="false"/>
		
	<dynamicField name="PID_*" type="string" indexed="true" stored="true" multiValued="true" />
		
		
	<dynamicField name="*" type="ignored" />

    <uniqueKey>id</uniqueKey>

    <!-- The StrField type is not analyzed, but indexed/stored verbatim.
       It supports doc values but in that case the field needs to be
       single-valued and either required or have a default value.
      -->
    <fieldType name="string" class="solr.StrField" sortMissingLast="true" docValues="true" />
    <fieldType name="strings" class="solr.StrField" sortMissingLast="true" multiValued="true" docValues="true" />

    <!-- boolean type: "true" or "false" -->
    <fieldType name="boolean" class="solr.BoolField" sortMissingLast="true"/>

    <fieldType name="booleans" class="solr.BoolField" sortMissingLast="true" multiValued="true"/>

    <!-- sortMissingLast and sortMissingFirst attributes are optional attributes are
         currently supported on types that are sorted internally as strings
         and on numeric types.
	     This includes "string","boolean", "int", "float", "long", "date", "double",
	     including the "Trie" and "Point" variants.
       - If sortMissingLast="true", then a sort on this field will cause documents
         without the field to come after documents with the field,
         regardless of the requested sort order (asc or desc).
       - If sortMissingFirst="true", then a sort on this field will cause documents
         without the field to come before documents with the field,
         regardless of the requested sort order.
       - If sortMissingLast="false" and sortMissingFirst="false" (the default),
         then default lucene sorting will be used which places docs without the
         field first in an ascending sort and last in a descending sort.
    -->
    
    <!--
      Numeric field types that index values using KD-trees. *Point fields are faster and more efficient than Trie* fields both, at
      search time and at index time, but some features are still not supported.
      Point fields don't support FieldCache, so they must have docValues="true" if needed for sorting, faceting, functions, etc.
    -->
    <fieldType name="pint" class="solr.IntPointField" docValues="true"/>
    <fieldType name="pfloat" class="solr.FloatPointField" docValues="true"/>
    <fieldType name="plong" class="solr.LongPointField" docValues="true"/>
    <fieldType name="pdouble" class="solr.DoublePointField" docValues="true"/>
    
    <fieldType name="pints" class="solr.IntPointField" docValues="true" multiValued="true"/>
    <fieldType name="pfloats" class="solr.FloatPointField" docValues="true" multiValued="true"/>
    <fieldType name="plongs" class="solr.LongPointField" docValues="true" multiValued="true"/>
    <fieldType name="pdoubles" class="solr.DoublePointField" docValues="true" multiValued="true"/>

    <!--
      Default numeric field types. For faster range queries, consider *PointFields (pint/pfloat/plong/pdouble), or the 
      tint/tfloat/tlong/tdouble types.
    -->
    <fieldType name="int" class="solr.TrieIntField" docValues="true" precisionStep="0" positionIncrementGap="0"/>
    <fieldType name="float" class="solr.TrieFloatField" docValues="true" precisionStep="0" positionIncrementGap="0"/>
    <fieldType name="long" class="solr.TrieLongField" docValues="true" precisionStep="0" positionIncrementGap="0"/>
    <fieldType name="double" class="solr.TrieDoubleField" docValues="true" precisionStep="0" positionIncrementGap="0"/>

    <fieldType name="ints" class="solr.TrieIntField" docValues="true" precisionStep="0" positionIncrementGap="0" multiValued="true"/>
    <fieldType name="floats" class="solr.TrieFloatField" docValues="true" precisionStep="0" positionIncrementGap="0" multiValued="true"/>
    <fieldType name="longs" class="solr.TrieLongField" docValues="true" precisionStep="0" positionIncrementGap="0" multiValued="true"/>
    <fieldType name="doubles" class="solr.TrieDoubleField" docValues="true" precisionStep="0" positionIncrementGap="0" multiValued="true"/>

    <!--
     Numeric field types that index each value at various levels of precision
     to accelerate range queries when the number of values between the range
     endpoints is large. See the javadoc for NumericRangeQuery for internal
     implementation details.

     Smaller precisionStep values (specified in bits) will lead to more tokens
     indexed per value, slightly larger index size, and faster range queries.
     A precisionStep of 0 disables indexing at different precision levels.
     
     Consider using pint/pfloat/plong/pdouble instead of Trie* fields if possible
    -->
    <fieldType name="tint" class="solr.TrieIntField" docValues="true" precisionStep="8" positionIncrementGap="0"/>
    <fieldType name="tfloat" class="solr.TrieFloatField" docValues="true" precisionStep="8" positionIncrementGap="0"/>
    <fieldType name="tlong" class="solr.TrieLongField" docValues="true" precisionStep="8" positionIncrementGap="0"/>
    <fieldType name="tdouble" class="solr.TrieDoubleField" docValues="true" precisionStep="8" positionIncrementGap="0"/>
    
    <fieldType name="tints" class="solr.TrieIntField" docValues="true" precisionStep="8" positionIncrementGap="0" multiValued="true"/>
    <fieldType name="tfloats" class="solr.TrieFloatField" docValues="true" precisionStep="8" positionIncrementGap="0" multiValued="true"/>
    <fieldType name="tlongs" class="solr.TrieLongField" docValues="true" precisionStep="8" positionIncrementGap="0" multiValued="true"/>
    <fieldType name="tdoubles" class="solr.TrieDoubleField" docValues="true" precisionStep="8" positionIncrementGap="0" multiValued="true"/>

    <!-- The format for this date field is of the form 1995-12-31T23:59:59Z, and
         is a more restricted form of the canonical representation of dateTime
         http://www.w3.org/TR/xmlschema-2/#dateTime    
         The trailing "Z" designates UTC time and is mandatory.
         Optional fractional seconds are allowed: 1995-12-31T23:59:59.999Z
         All other components are mandatory.

         Expressions can also be used to denote calculations that should be
         performed relative to "NOW" to determine the value, ie...

               NOW/HOUR
                  ... Round to the start of the current hour
               NOW-1DAY
                  ... Exactly 1 day prior to now
               NOW/DAY+6MONTHS+3DAYS
                  ... 6 months and 3 days in the future from the start of
                      the current day
                      
         Consult the TrieDateField javadocs for more information.
      -->
    <!-- KD-tree versions of date fields -->
    <fieldType name="pdate" class="solr.DatePointField" docValues="true"/>
    <fieldType name="pdates" class="solr.DatePointField" docValues="true" multiValued="true"/>
    
    <fieldType name="date" class="solr.TrieDateField" docValues="true" precisionStep="0" positionIncrementGap="0"/>
    <fieldType name="dates" class="solr.TrieDateField" docValues="true" precisionStep="0" positionIncrementGap="0" multiValued="true"/>

    <fieldType name="tdate" class="solr.TrieDateField" docValues="true" precisionStep="6" positionIncrementGap="0"/>
    <fieldType name="tdates" class="solr.TrieDateField" docValues="true" precisionStep="6" positionIncrementGap="0" multiValued="true"/>


	<!-- Vince - added as helper to support block-join parent/child relationships
https://lucene.apache.org/solr/guide/8_0/indexing-nested-documents.html
  -->
	<fieldType name="_nest_path_" class="solr.NestPathField" /> 


    <!--Binary data type. The data should be sent/retrieved in as Base64 encoded Strings -->
    <fieldType name="binary" class="solr.BinaryField"/>

    <!-- The "RandomSortField" is not used to store or search any
         data.  You can declare fields of this type it in your schema
         to generate pseudo-random orderings of your docs for sorting 
         or function purposes.  The ordering is generated based on the field
         name and the version of the index. As long as the index version
         remains unchanged, and the same field name is reused,
         the ordering of the docs will be consistent.  
         If you want different psuedo-random orderings of documents,
         for the same version of the index, use a dynamicField and
         change the field name in the request.
     -->
    <fieldType name="random" class="solr.RandomSortField" indexed="true" />

    <!-- solr.TextField allows the specification of custom text analyzers
         specified as a tokenizer and a list of token filters. Different
         analyzers may be specified for indexing and querying.

         The optional positionIncrementGap puts space between multiple fields of
         this type on the same document, with the purpose of preventing false phrase
         matching across fields.

         For more info on customizing your analyzer chain, please see
         http://wiki.apache.org/solr/AnalyzersTokenizersTokenFilters
     -->

    <!-- One can also specify an existing Analyzer class that has a
         default constructor via the class attribute on the analyzer element.
         Example:
    <fieldType name="text_greek" class="solr.TextField">
      <analyzer class="org.apache.lucene.analysis.el.GreekAnalyzer"/>
    </fieldType>
    -->

    <!-- A text field that only splits on whitespace for exact matching of words -->
    <dynamicField name="*_ws" type="text_ws"  indexed="true"  stored="true"/>
    <fieldType name="text_ws" class="solr.TextField" positionIncrementGap="100">
      <analyzer>
        <tokenizer class="solr.WhitespaceTokenizerFactory"/>
      </analyzer>
    </fieldType>

    <!-- A general text field that has reasonable, generic
         cross-language defaults: it tokenizes with StandardTokenizer,
	       removes stop words from case-insensitive "stopwords.txt"
	       (empty by default), and down cases.  At query time only, it
	       also applies synonyms.
	  -->
    <fieldType name="text_general" class="solr.TextField" positionIncrementGap="100" multiValued="true">
      <analyzer type="index">
        <tokenizer class="solr.StandardTokenizerFactory"/>
        <filter class="solr.StopFilterFactory" ignoreCase="true" words="stopwords.txt" />
        <!-- in this example, we will only use synonyms at query time
        <filter class="solr.SynonymGraphFilterFactory" synonyms="index_synonyms.txt" ignoreCase="true" expand="false"/>
        <filter class="solr.FlattenGraphFilterFactory"/>
        -->
        <filter class="solr.LowerCaseFilterFactory"/>
      </analyzer>
      <analyzer type="query">
        <tokenizer class="solr.StandardTokenizerFactory"/>
        <filter class="solr.StopFilterFactory" ignoreCase="true" words="stopwords.txt" />
        <filter class="solr.SynonymGraphFilterFactory" synonyms="synonyms.txt" ignoreCase="true" expand="true"/>
        <filter class="solr.LowerCaseFilterFactory"/>
      </analyzer>
    </fieldType>

    <!-- A text field with defaults appropriate for English: it
         tokenizes with StandardTokenizer, removes English stop words
         (lang/stopwords_en.txt), down cases, protects words from protwords.txt, and
         finally applies Porter's stemming.  The query time analyzer
         also applies synonyms from synonyms.txt. -->
    <dynamicField name="*_txt_en" type="text_en"  indexed="true"  stored="true"/>
    <fieldType name="text_en" class="solr.TextField" positionIncrementGap="100">
      <analyzer type="index">
        <tokenizer class="solr.StandardTokenizerFactory"/>
        <!-- in this example, we will only use synonyms at query time
        <filter class="solr.SynonymGraphFilterFactory" synonyms="index_synonyms.txt" ignoreCase="true" expand="false"/>
        <filter class="solr.FlattenGraphFilterFactory"/>
        -->
        <!-- Case insensitive stop word removal.
        -->
        <filter class="solr.StopFilterFactory"
                ignoreCase="true"
                words="lang/stopwords_en.txt"
            />
        <filter class="solr.LowerCaseFilterFactory"/>
        <filter class="solr.EnglishPossessiveFilterFactory"/>
        <filter class="solr.KeywordMarkerFilterFactory" protected="protwords.txt"/>
        <!-- Optionally you may want to use this less aggressive stemmer instead of PorterStemFilterFactory:
        <filter class="solr.EnglishMinimalStemFilterFactory"/>
	      -->
        <filter class="solr.PorterStemFilterFactory"/>
      </analyzer>
      <analyzer type="query">
        <tokenizer class="solr.StandardTokenizerFactory"/>
        <filter class="solr.SynonymGraphFilterFactory" synonyms="synonyms.txt" ignoreCase="true" expand="true"/>
        <filter class="solr.StopFilterFactory"
                ignoreCase="true"
                words="lang/stopwords_en.txt"
        />
        <filter class="solr.LowerCaseFilterFactory"/>
        <filter class="solr.EnglishPossessiveFilterFactory"/>
        <filter class="solr.KeywordMarkerFilterFactory" protected="protwords.txt"/>
        <!-- Optionally you may want to use this less aggressive stemmer instead of PorterStemFilterFactory:
        <filter class="solr.EnglishMinimalStemFilterFactory"/>
	      -->
        <filter class="solr.PorterStemFilterFactory"/>
      </analyzer>
    </fieldType>

    <!-- A text field with defaults appropriate for English, plus
         aggressive word-splitting and autophrase features enabled.
         This field is just like text_en, except it adds
         WordDelimiterGraphFilter to enable splitting and matching of
         words on case-change, alpha numeric boundaries, and
         non-alphanumeric chars.  This means certain compound word
         cases will work, for example query "wi fi" will match
         document "WiFi" or "wi-fi".
    -->
    <dynamicField name="*_txt_en_split" type="text_en_splitting"  indexed="true"  stored="true"/>
    <fieldType name="text_en_splitting" class="solr.TextField" positionIncrementGap="100" autoGeneratePhraseQueries="true">
      <analyzer type="index">
        <tokenizer class="solr.WhitespaceTokenizerFactory"/>
        <!-- in this example, we will only use synonyms at query time
        <filter class="solr.SynonymGraphFilterFactory" synonyms="index_synonyms.txt" ignoreCase="true" expand="false"/>
        -->
        <!-- Case insensitive stop word removal.
        -->
        <filter class="solr.StopFilterFactory"
                ignoreCase="true"
                words="lang/stopwords_en.txt"
        />
        <filter class="solr.WordDelimiterGraphFilterFactory" generateWordParts="1" generateNumberParts="1" catenateWords="1" catenateNumbers="1" catenateAll="0" splitOnCaseChange="1"/>
        <filter class="solr.LowerCaseFilterFactory"/>
        <filter class="solr.KeywordMarkerFilterFactory" protected="protwords.txt"/>
        <filter class="solr.PorterStemFilterFactory"/>
        <filter class="solr.FlattenGraphFilterFactory" />
      </analyzer>
      <analyzer type="query">
        <tokenizer class="solr.WhitespaceTokenizerFactory"/>
        <filter class="solr.SynonymGraphFilterFactory" synonyms="synonyms.txt" ignoreCase="true" expand="true"/>
        <filter class="solr.StopFilterFactory"
                ignoreCase="true"
                words="lang/stopwords_en.txt"
        />
        <filter class="solr.WordDelimiterGraphFilterFactory" generateWordParts="1" generateNumberParts="1" catenateWords="0" catenateNumbers="0" catenateAll="0" splitOnCaseChange="1"/>
        <filter class="solr.LowerCaseFilterFactory"/>
        <filter class="solr.KeywordMarkerFilterFactory" protected="protwords.txt"/>
        <filter class="solr.PorterStemFilterFactory"/>
      </analyzer>
    </fieldType>

    <!-- Less flexible matching, but less false matches.  Probably not ideal for product names,
         but may be good for SKUs.  Can insert dashes in the wrong place and still match. -->
    <dynamicField name="*_txt_en_split_tight" type="text_en_splitting_tight"  indexed="true"  stored="true"/>
    <fieldType name="text_en_splitting_tight" class="solr.TextField" positionIncrementGap="100" autoGeneratePhraseQueries="true">
      <analyzer type="index">
        <tokenizer class="solr.WhitespaceTokenizerFactory"/>
        <filter class="solr.SynonymGraphFilterFactory" synonyms="synonyms.txt" ignoreCase="true" expand="false"/>
        <filter class="solr.StopFilterFactory" ignoreCase="true" words="lang/stopwords_en.txt"/>
        <filter class="solr.WordDelimiterGraphFilterFactory" generateWordParts="0" generateNumberParts="0" catenateWords="1" catenateNumbers="1" catenateAll="0"/>
        <filter class="solr.LowerCaseFilterFactory"/>
        <filter class="solr.KeywordMarkerFilterFactory" protected="protwords.txt"/>
        <filter class="solr.EnglishMinimalStemFilterFactory"/>
        <!-- this filter can remove any duplicate tokens that appear at the same position - sometimes
             possible with WordDelimiterGraphFilter in conjuncton with stemming. -->
        <filter class="solr.RemoveDuplicatesTokenFilterFactory"/>
        <filter class="solr.FlattenGraphFilterFactory" />
      </analyzer>
      <analyzer type="query">
        <tokenizer class="solr.WhitespaceTokenizerFactory"/>
        <filter class="solr.SynonymGraphFilterFactory" synonyms="synonyms.txt" ignoreCase="true" expand="false"/>
        <filter class="solr.StopFilterFactory" ignoreCase="true" words="lang/stopwords_en.txt"/>
        <filter class="solr.WordDelimiterGraphFilterFactory" generateWordParts="0" generateNumberParts="0" catenateWords="1" catenateNumbers="1" catenateAll="0"/>
        <filter class="solr.LowerCaseFilterFactory"/>
        <filter class="solr.KeywordMarkerFilterFactory" protected="protwords.txt"/>
        <filter class="solr.EnglishMinimalStemFilterFactory"/>
        <!-- this filter can remove any duplicate tokens that appear at the same position - sometimes
             possible with WordDelimiterGraphFilter in conjuncton with stemming. -->
        <filter class="solr.RemoveDuplicatesTokenFilterFactory"/>
      </analyzer>
    </fieldType>

    <!-- Just like text_general except it reverses the characters of
	       each token, to enable more efficient leading wildcard queries.
    -->
    <dynamicField name="*_txt_rev" type="text_general_rev"  indexed="true"  stored="true"/>
    <fieldType name="text_general_rev" class="solr.TextField" positionIncrementGap="100">
      <analyzer type="index">
        <tokenizer class="solr.StandardTokenizerFactory"/>
        <filter class="solr.StopFilterFactory" ignoreCase="true" words="stopwords.txt" />
        <filter class="solr.LowerCaseFilterFactory"/>
        <filter class="solr.ReversedWildcardFilterFactory" withOriginal="true"
                maxPosAsterisk="3" maxPosQuestion="2" maxFractionAsterisk="0.33"/>
      </analyzer>
      <analyzer type="query">
        <tokenizer class="solr.StandardTokenizerFactory"/>
        <filter class="solr.SynonymGraphFilterFactory" synonyms="synonyms.txt" ignoreCase="true" expand="true"/>
        <filter class="solr.StopFilterFactory" ignoreCase="true" words="stopwords.txt" />
        <filter class="solr.LowerCaseFilterFactory"/>
      </analyzer>
    </fieldType>

    <dynamicField name="*_phon_en" type="phonetic_en"  indexed="true"  stored="true"/>
    <fieldType name="phonetic_en" stored="false" indexed="true" class="solr.TextField" >
      <analyzer>
        <tokenizer class="solr.StandardTokenizerFactory"/>
        <filter class="solr.DoubleMetaphoneFilterFactory" inject="false"/>
      </analyzer>
    </fieldType>

    <!-- lowercases the entire field value, keeping it as a single token.  -->
    <dynamicField name="*_s_lower" type="lowercase"  indexed="true"  stored="true"/>
    <fieldType name="lowercase" class="solr.TextField" positionIncrementGap="100">
      <analyzer>
        <tokenizer class="solr.KeywordTokenizerFactory"/>
        <filter class="solr.LowerCaseFilterFactory" />
      </analyzer>
    </fieldType>

    <!-- 
      Example of using PathHierarchyTokenizerFactory at index time, so
      queries for paths match documents at that path, or in descendent paths
    -->
    <dynamicField name="*_descendent_path" type="descendent_path"  indexed="true"  stored="true"/>
    <fieldType name="descendent_path" class="solr.TextField">
      <analyzer type="index">
        <tokenizer class="solr.PathHierarchyTokenizerFactory" delimiter="/" />
      </analyzer>
      <analyzer type="query">
        <tokenizer class="solr.KeywordTokenizerFactory" />
      </analyzer>
    </fieldType>

    <!--
      Example of using PathHierarchyTokenizerFactory at query time, so
      queries for paths match documents at that path, or in ancestor paths
    -->
    <dynamicField name="*_ancestor_path" type="ancestor_path"  indexed="true"  stored="true"/>
    <fieldType name="ancestor_path" class="solr.TextField">
      <analyzer type="index">
        <tokenizer class="solr.KeywordTokenizerFactory" />
      </analyzer>
      <analyzer type="query">
        <tokenizer class="solr.PathHierarchyTokenizerFactory" delimiter="/" />
      </analyzer>
    </fieldType>

    <!-- since fields of this type are by default not stored or indexed,
         any data added to them will be ignored outright.  --> 
    <fieldType name="ignored" stored="false" indexed="false" docValues="false" multiValued="true" class="solr.StrField" />


    
    <!-- Irish -->
    <dynamicField name="*_txt_ga" type="text_ga"  indexed="true"  stored="true"/>
    <fieldType name="text_ga" class="solr.TextField" positionIncrementGap="100">
      <analyzer> 
        <tokenizer class="solr.StandardTokenizerFactory"/>
        <!-- removes d', etc -->
        <filter class="solr.ElisionFilterFactory" ignoreCase="true" articles="lang/contractions_ga.txt"/>
        <!-- removes n-, etc. position increments is intentionally false! -->
        <filter class="solr.StopFilterFactory" ignoreCase="true" words="lang/hyphenations_ga.txt"/>
        <filter class="solr.IrishLowerCaseFilterFactory"/>
        <filter class="solr.StopFilterFactory" ignoreCase="true" words="lang/stopwords_ga.txt"/>
        <filter class="solr.SnowballPorterFilterFactory" language="Irish"/>
      </analyzer>
    </fieldType>
    


    <!-- Similarity is the scoring routine for each document vs. a query.
       A custom Similarity or SimilarityFactory may be specified here, but 
       the default is fine for most applications.  
       For more info: http://wiki.apache.org/solr/SchemaXml#Similarity
    -->
    <!--
     <similarity class="com.example.solr.CustomSimilarityFactory">
       <str name="paramkey">param value</str>
     </similarity>
    -->

</schema>

