{
  "iDoc2Solr":[
    {"idocField":"domain","solrField":"domain","multi":false},
    {"idocField":"docid","solrField":"docid","multi":false},
    {"idocField":"libraryid","solrField":"libraryid","multi":false},
    {"idocField":"libraryname","solrField":"libraryname","multi":false},
    {"idocField":"classid","solrField":"classid","multi":false},
    {"idocField":"classname","solrField":"classname","multi":false},
    {"idocField":"iconurl","solrField":"iconurl","multi":false},
    {"idocField":"initialauthor","solrField":"initialauthor","multi":false},
    {"idocField":"updateauthor","solrField":"updateauthor","multi":false},
    {"idocField":"versionauthor","solrField":"versionauthor","multi":false},
    {"idocField":"versionname","solrField":"versionname","multi":false},
    {"idocField":"attachmentname","solrField":"attachmentname","multi":false},
    {"idocField":"aodocs_url","solrField":"aodocs_url","multi":false},
    {"idocField":"aodocs_url","solrField":"url","multi":false},
    {"idocField":"gdrive_url","solrField":"gdrive_url","multi":false},
    {"idocField":"thumbnaillink","solrField":"gdrivethumbnail_url","multi":false},
    {"idocField":"versiondescription","solrField":"versiondescription","multi":false},
    {"idocField":"ao_permission","solrField":"ao_permission","multi":true},
    {"idocField":"tags","solrField":"tags","multi":true},
    {"idocField":"category","solrField":"category","multi":true},
    {"idocField":"client","solrField":"client","multi":false},
    {"idocField":"comments","solrField":"comments","multi":false},
    {"idocField":"richtext","solrField":"_text_","multi":false},
    {"idocField":"folderpath","solrField":"filepath_t","multi":false},
    {"idocField":"clean_mimetype","solrField":"display_mimetype","multi":false},
    {"idocField":"pid_*","dynamicSolrFieldType":"true"},
    {"idocField":"*_aod_t","dynamicSolrFieldType":"true"},
    {"idocField":"*_aod_s","dynamicSolrFieldType":"true"},
    {"idocField":"*_aod_ss","dynamicSolrFieldType":"true"},
    {"idocField":"*_aod_date","dynamicSolrFieldType":"true"}
  ]
}
