{
  "DEFSettings":{
    "inputQueues":["seed_queue"],
    "outputQueues":["vector_queue"],
    "stores":["AODocsConnectorStore"],
    "serviceGroup":"AODocs"
,    "runAtStartup":"true"
  },
  "pluginSettings":{
    "interval":"120000",
    "autoStart":"true",
   "google_service_jsonfile_path":  {"type": "env","values": {"env_name": "GOOGLE_SERVICE_ACCOUNT_JSON_PATH","default": "./service.json"}},
    "libraries": [
    {
      "libraryId":"RozD8WgvhCPcz9NRkf",
      "name":"Octopus",
      "domainName":"canamgroupinc.com",
      "storageAdmin":"aodocs-storage04@canamgroupinc.com",
      "documentTypes": {
       "items": [        {
          "name":"Classe Technique",
          "value":"Rq5NNfj5yG3Nzl9bD8"
        },
        {
          "name":"Batch of Digital Assets",
          "value":"Rpd4gM6sRtoxxKHtH9"
        },
        {
          "name":"Digital Asset Document",
          "value":"RpSjV6OwLYzz0IqWZT"
        }
       ]
      }
    }  ]
 }
}
